post_id,platform,post_dt,author,text,likes,comments,shares,hashtag_main
1,Facebook,"2025-08-16 13:10:15",Author_1,"This is post 1",2,3,4,#Tech
2,Instagram,"2025-08-16 13:10:15",Author_2,"This is post 2",4,6,8,#News
3,LinkedIn,"2025-08-16 13:10:15",Author_3,"This is post 3",6,9,12,#Fun
4,Twitter,"2025-08-16 13:10:15",Author_4,"This is post 4",8,12,16,#Life
5,Facebook,"2025-08-16 13:10:15",Author_5,"This is post 5",10,15,20,#AI
6,Instagram,"2025-08-16 13:10:15",Author_6,"This is post 6",12,18,24,#Tech
7,LinkedIn,"2025-08-16 13:10:15",Author_7,"This is post 7",14,21,28,#News
8,Twitter,"2025-08-16 13:10:15",Author_8,"This is post 8",16,24,2,#Fun
9,Facebook,"2025-08-16 13:10:15",Author_9,"This is post 9",18,27,6,#Life
10,Instagram,"2025-08-16 13:10:15",Author_10,"This is post 10",20,30,10,#AI
11,LinkedIn,"2025-08-16 13:10:15",Author_11,"This is post 11",22,33,14,#Tech
12,Twitter,"2025-08-16 13:10:15",Author_12,"This is post 12",24,36,18,#News
13,Facebook,"2025-08-16 13:10:15",Author_13,"This is post 13",26,39,22,#Fun
14,Instagram,"2025-08-16 13:10:15",Author_14,"This is post 14",28,42,26,#Life
15,LinkedIn,"2025-08-16 13:10:15",Author_15,"This is post 15",30,45,0,#AI
16,Twitter,"2025-08-16 13:10:15",Author_16,"This is post 16",32,48,4,#Tech
17,Facebook,"2025-08-16 13:10:15",Author_17,"This is post 17",34,1,8,#News
18,Instagram,"2025-08-16 13:10:15",Author_18,"This is post 18",36,4,12,#Fun
19,LinkedIn,"2025-08-16 13:10:15",Author_19,"This is post 19",38,7,16,#Life
20,Twitter,"2025-08-16 13:10:15",Author_20,"This is post 20",40,10,20,#AI
21,Facebook,"2025-08-16 13:10:15",Author_21,"This is post 21",42,13,24,#Tech
22,Instagram,"2025-08-16 13:10:15",Author_22,"This is post 22",44,16,28,#News
23,LinkedIn,"2025-08-16 13:10:15",Author_23,"This is post 23",46,19,2,#Fun
24,Twitter,"2025-08-16 13:10:15",Author_24,"This is post 24",48,22,6,#Life
25,Facebook,"2025-08-16 13:10:15",Author_25,"This is post 25",50,25,10,#AI
26,Instagram,"2025-08-16 13:10:15",Author_26,"This is post 26",52,28,14,#Tech
27,LinkedIn,"2025-08-16 13:10:15",Author_27,"This is post 27",54,31,18,#News
28,Twitter,"2025-08-16 13:10:15",Author_28,"This is post 28",56,34,22,#Fun
29,Facebook,"2025-08-16 13:10:15",Author_29,"This is post 29",58,37,26,#Life
30,Instagram,"2025-08-16 13:10:15",Author_30,"This is post 30",60,40,0,#AI
31,LinkedIn,"2025-08-16 13:10:15",Author_31,"This is post 31",62,43,4,#Tech
32,Twitter,"2025-08-16 13:10:15",Author_32,"This is post 32",64,46,8,#News
33,Facebook,"2025-08-16 13:10:15",Author_33,"This is post 33",66,49,12,#Fun
34,Instagram,"2025-08-16 13:10:15",Author_34,"This is post 34",68,2,16,#Life
35,LinkedIn,"2025-08-16 13:10:15",Author_35,"This is post 35",70,5,20,#AI
36,Twitter,"2025-08-16 13:10:15",Author_36,"This is post 36",72,8,24,#Tech
37,Facebook,"2025-08-16 13:10:15",Author_37,"This is post 37",74,11,28,#News
38,Instagram,"2025-08-16 13:10:15",Author_38,"This is post 38",76,14,2,#Fun
39,LinkedIn,"2025-08-16 13:10:15",Author_39,"This is post 39",78,17,6,#Life
40,Twitter,"2025-08-16 13:10:15",Author_40,"This is post 40",80,20,10,#AI
41,Facebook,"2025-08-16 13:10:15",Author_41,"This is post 41",82,23,14,#Tech
42,Instagram,"2025-08-16 13:10:15",Author_42,"This is post 42",84,26,18,#News
43,LinkedIn,"2025-08-16 13:10:15",Author_43,"This is post 43",86,29,22,#Fun
44,Twitter,"2025-08-16 13:10:15",Author_44,"This is post 44",88,32,26,#Life
45,Facebook,"2025-08-16 13:10:15",Author_45,"This is post 45",90,35,0,#AI
46,Instagram,"2025-08-16 13:10:15",Author_46,"This is post 46",92,38,4,#Tech
47,LinkedIn,"2025-08-16 13:10:15",Author_47,"This is post 47",94,41,8,#News
48,Twitter,"2025-08-16 13:10:15",Author_48,"This is post 48",96,44,12,#Fun
49,Facebook,"2025-08-16 13:10:15",Author_49,"This is post 49",98,47,16,#Life
50,Instagram,"2025-08-16 13:10:15",Author_50,"This is post 50",0,0,20,#AI
51,LinkedIn,"2025-08-16 13:10:15",Author_51,"This is post 51",2,3,24,#Tech
52,Twitter,"2025-08-16 13:10:15",Author_52,"This is post 52",4,6,28,#News
53,Facebook,"2025-08-16 13:10:15",Author_53,"This is post 53",6,9,2,#Fun
54,Instagram,"2025-08-16 13:10:15",Author_54,"This is post 54",8,12,6,#Life
55,LinkedIn,"2025-08-16 13:10:15",Author_55,"This is post 55",10,15,10,#AI
56,Twitter,"2025-08-16 13:10:15",Author_56,"This is post 56",12,18,14,#Tech
57,Facebook,"2025-08-16 13:10:15",Author_57,"This is post 57",14,21,18,#News
58,Instagram,"2025-08-16 13:10:15",Author_58,"This is post 58",16,24,22,#Fun
59,LinkedIn,"2025-08-16 13:10:15",Author_59,"This is post 59",18,27,26,#Life
60,Twitter,"2025-08-16 13:10:15",Author_60,"This is post 60",20,30,0,#AI
61,Facebook,"2025-08-16 13:10:15",Author_61,"This is post 61",22,33,4,#Tech
62,Instagram,"2025-08-16 13:10:15",Author_62,"This is post 62",24,36,8,#News
63,LinkedIn,"2025-08-16 13:10:15",Author_63,"This is post 63",26,39,12,#Fun
64,Twitter,"2025-08-16 13:10:15",Author_64,"This is post 64",28,42,16,#Life
65,Facebook,"2025-08-16 13:10:15",Author_65,"This is post 65",30,45,20,#AI
66,Instagram,"2025-08-16 13:10:15",Author_66,"This is post 66",32,48,24,#Tech
67,LinkedIn,"2025-08-16 13:10:15",Author_67,"This is post 67",34,1,28,#News
68,Twitter,"2025-08-16 13:10:15",Author_68,"This is post 68",36,4,2,#Fun
69,Facebook,"2025-08-16 13:10:15",Author_69,"This is post 69",38,7,6,#Life
70,Instagram,"2025-08-16 13:10:15",Author_70,"This is post 70",40,10,10,#AI
71,LinkedIn,"2025-08-16 13:10:15",Author_71,"This is post 71",42,13,14,#Tech
72,Twitter,"2025-08-16 13:10:15",Author_72,"This is post 72",44,16,18,#News
73,Facebook,"2025-08-16 13:10:15",Author_73,"This is post 73",46,19,22,#Fun
74,Instagram,"2025-08-16 13:10:15",Author_74,"This is post 74",48,22,26,#Life
75,LinkedIn,"2025-08-16 13:10:15",Author_75,"This is post 75",50,25,0,#AI
76,Twitter,"2025-08-16 13:10:15",Author_76,"This is post 76",52,28,4,#Tech
77,Facebook,"2025-08-16 13:10:15",Author_77,"This is post 77",54,31,8,#News
78,Instagram,"2025-08-16 13:10:15",Author_78,"This is post 78",56,34,12,#Fun
79,LinkedIn,"2025-08-16 13:10:15",Author_79,"This is post 79",58,37,16,#Life
80,Twitter,"2025-08-16 13:10:15",Author_80,"This is post 80",60,40,20,#AI
81,Facebook,"2025-08-16 13:10:15",Author_81,"This is post 81",62,43,24,#Tech
82,Instagram,"2025-08-16 13:10:15",Author_82,"This is post 82",64,46,28,#News
83,LinkedIn,"2025-08-16 13:10:15",Author_83,"This is post 83",66,49,2,#Fun
84,Twitter,"2025-08-16 13:10:15",Author_84,"This is post 84",68,2,6,#Life
85,Facebook,"2025-08-16 13:10:15",Author_85,"This is post 85",70,5,10,#AI
86,Instagram,"2025-08-16 13:10:15",Author_86,"This is post 86",72,8,14,#Tech
87,LinkedIn,"2025-08-16 13:10:15",Author_87,"This is post 87",74,11,18,#News
88,Twitter,"2025-08-16 13:10:15",Author_88,"This is post 88",76,14,22,#Fun
89,Facebook,"2025-08-16 13:10:15",Author_89,"This is post 89",78,17,26,#Life
90,Instagram,"2025-08-16 13:10:15",Author_90,"This is post 90",80,20,0,#AI
91,LinkedIn,"2025-08-16 13:10:15",Author_91,"This is post 91",82,23,4,#Tech
92,Twitter,"2025-08-16 13:10:15",Author_92,"This is post 92",84,26,8,#News
93,Facebook,"2025-08-16 13:10:15",Author_93,"This is post 93",86,29,12,#Fun
94,Instagram,"2025-08-16 13:10:15",Author_94,"This is post 94",88,32,16,#Life
95,LinkedIn,"2025-08-16 13:10:15",Author_95,"This is post 95",90,35,20,#AI
96,Twitter,"2025-08-16 13:10:15",Author_96,"This is post 96",92,38,24,#Tech
97,Facebook,"2025-08-16 13:10:15",Author_97,"This is post 97",94,41,28,#News
98,Instagram,"2025-08-16 13:10:15",Author_98,"This is post 98",96,44,2,#Fun
99,LinkedIn,"2025-08-16 13:10:15",Author_99,"This is post 99",98,47,6,#Life
100,Twitter,"2025-08-16 13:10:15",Author_100,"This is post 100",0,0,10,#AI
101,Facebook,"2025-08-16 13:10:15",Author_101,"This is post 101",2,3,14,#Tech
102,Instagram,"2025-08-16 13:10:15",Author_102,"This is post 102",4,6,18,#News
103,LinkedIn,"2025-08-16 13:10:15",Author_103,"This is post 103",6,9,22,#Fun
104,Twitter,"2025-08-16 13:10:15",Author_104,"This is post 104",8,12,26,#Life
105,Facebook,"2025-08-16 13:10:15",Author_105,"This is post 105",10,15,0,#AI
106,Instagram,"2025-08-16 13:10:15",Author_106,"This is post 106",12,18,4,#Tech
107,LinkedIn,"2025-08-16 13:10:15",Author_107,"This is post 107",14,21,8,#News
108,Twitter,"2025-08-16 13:10:15",Author_108,"This is post 108",16,24,12,#Fun
109,Facebook,"2025-08-16 13:10:15",Author_109,"This is post 109",18,27,16,#Life
110,Instagram,"2025-08-16 13:10:15",Author_110,"This is post 110",20,30,20,#AI
111,LinkedIn,"2025-08-16 13:10:15",Author_111,"This is post 111",22,33,24,#Tech
112,Twitter,"2025-08-16 13:10:15",Author_112,"This is post 112",24,36,28,#News
113,Facebook,"2025-08-16 13:10:15",Author_113,"This is post 113",26,39,2,#Fun
114,Instagram,"2025-08-16 13:10:15",Author_114,"This is post 114",28,42,6,#Life
115,LinkedIn,"2025-08-16 13:10:15",Author_115,"This is post 115",30,45,10,#AI
116,Twitter,"2025-08-16 13:10:15",Author_116,"This is post 116",32,48,14,#Tech
117,Facebook,"2025-08-16 13:10:15",Author_117,"This is post 117",34,1,18,#News
118,Instagram,"2025-08-16 13:10:15",Author_118,"This is post 118",36,4,22,#Fun
119,LinkedIn,"2025-08-16 13:10:15",Author_119,"This is post 119",38,7,26,#Life
120,Twitter,"2025-08-16 13:10:15",Author_120,"This is post 120",40,10,0,#AI
121,Facebook,"2025-08-16 13:10:15",Author_121,"This is post 121",42,13,4,#Tech
122,Instagram,"2025-08-16 13:10:15",Author_122,"This is post 122",44,16,8,#News
123,LinkedIn,"2025-08-16 13:10:15",Author_123,"This is post 123",46,19,12,#Fun
124,Twitter,"2025-08-16 13:10:15",Author_124,"This is post 124",48,22,16,#Life
125,Facebook,"2025-08-16 13:10:15",Author_125,"This is post 125",50,25,20,#AI
126,Instagram,"2025-08-16 13:10:15",Author_126,"This is post 126",52,28,24,#Tech
127,LinkedIn,"2025-08-16 13:10:15",Author_127,"This is post 127",54,31,28,#News
128,Twitter,"2025-08-16 13:10:15",Author_128,"This is post 128",56,34,2,#Fun
129,Facebook,"2025-08-16 13:10:15",Author_129,"This is post 129",58,37,6,#Life
130,Instagram,"2025-08-16 13:10:15",Author_130,"This is post 130",60,40,10,#AI
131,LinkedIn,"2025-08-16 13:10:15",Author_131,"This is post 131",62,43,14,#Tech
132,Twitter,"2025-08-16 13:10:15",Author_132,"This is post 132",64,46,18,#News
133,Facebook,"2025-08-16 13:10:15",Author_133,"This is post 133",66,49,22,#Fun
134,Instagram,"2025-08-16 13:10:15",Author_134,"This is post 134",68,2,26,#Life
135,LinkedIn,"2025-08-16 13:10:15",Author_135,"This is post 135",70,5,0,#AI
136,Twitter,"2025-08-16 13:10:15",Author_136,"This is post 136",72,8,4,#Tech
137,Facebook,"2025-08-16 13:10:15",Author_137,"This is post 137",74,11,8,#News
138,Instagram,"2025-08-16 13:10:15",Author_138,"This is post 138",76,14,12,#Fun
139,LinkedIn,"2025-08-16 13:10:15",Author_139,"This is post 139",78,17,16,#Life
140,Twitter,"2025-08-16 13:10:15",Author_140,"This is post 140",80,20,20,#AI
141,Facebook,"2025-08-16 13:10:15",Author_141,"This is post 141",82,23,24,#Tech
142,Instagram,"2025-08-16 13:10:15",Author_142,"This is post 142",84,26,28,#News
143,LinkedIn,"2025-08-16 13:10:15",Author_143,"This is post 143",86,29,2,#Fun
144,Twitter,"2025-08-16 13:10:15",Author_144,"This is post 144",88,32,6,#Life
145,Facebook,"2025-08-16 13:10:15",Author_145,"This is post 145",90,35,10,#AI
146,Instagram,"2025-08-16 13:10:15",Author_146,"This is post 146",92,38,14,#Tech
147,LinkedIn,"2025-08-16 13:10:15",Author_147,"This is post 147",94,41,18,#News
148,Twitter,"2025-08-16 13:10:15",Author_148,"This is post 148",96,44,22,#Fun
149,Facebook,"2025-08-16 13:10:15",Author_149,"This is post 149",98,47,26,#Life
150,Instagram,"2025-08-16 13:10:15",Author_150,"This is post 150",0,0,0,#AI
151,LinkedIn,"2025-08-16 13:10:15",Author_151,"This is post 151",2,3,4,#Tech
152,Twitter,"2025-08-16 13:10:15",Author_152,"This is post 152",4,6,8,#News
153,Facebook,"2025-08-16 13:10:15",Author_153,"This is post 153",6,9,12,#Fun
154,Instagram,"2025-08-16 13:10:15",Author_154,"This is post 154",8,12,16,#Life
155,LinkedIn,"2025-08-16 13:10:15",Author_155,"This is post 155",10,15,20,#AI
156,Twitter,"2025-08-16 13:10:15",Author_156,"This is post 156",12,18,24,#Tech
157,Facebook,"2025-08-16 13:10:15",Author_157,"This is post 157",14,21,28,#News
158,Instagram,"2025-08-16 13:10:15",Author_158,"This is post 158",16,24,2,#Fun
159,LinkedIn,"2025-08-16 13:10:15",Author_159,"This is post 159",18,27,6,#Life
160,Twitter,"2025-08-16 13:10:15",Author_160,"This is post 160",20,30,10,#AI
161,Facebook,"2025-08-16 13:10:15",Author_161,"This is post 161",22,33,14,#Tech
162,Instagram,"2025-08-16 13:10:15",Author_162,"This is post 162",24,36,18,#News
163,LinkedIn,"2025-08-16 13:10:15",Author_163,"This is post 163",26,39,22,#Fun
164,Twitter,"2025-08-16 13:10:15",Author_164,"This is post 164",28,42,26,#Life
165,Facebook,"2025-08-16 13:10:15",Author_165,"This is post 165",30,45,0,#AI
166,Instagram,"2025-08-16 13:10:15",Author_166,"This is post 166",32,48,4,#Tech
167,LinkedIn,"2025-08-16 13:10:15",Author_167,"This is post 167",34,1,8,#News
168,Twitter,"2025-08-16 13:10:15",Author_168,"This is post 168",36,4,12,#Fun
169,Facebook,"2025-08-16 13:10:15",Author_169,"This is post 169",38,7,16,#Life
170,Instagram,"2025-08-16 13:10:15",Author_170,"This is post 170",40,10,20,#AI
171,LinkedIn,"2025-08-16 13:10:15",Author_171,"This is post 171",42,13,24,#Tech
172,Twitter,"2025-08-16 13:10:15",Author_172,"This is post 172",44,16,28,#News
173,Facebook,"2025-08-16 13:10:15",Author_173,"This is post 173",46,19,2,#Fun
174,Instagram,"2025-08-16 13:10:15",Author_174,"This is post 174",48,22,6,#Life
175,LinkedIn,"2025-08-16 13:10:15",Author_175,"This is post 175",50,25,10,#AI
176,Twitter,"2025-08-16 13:10:15",Author_176,"This is post 176",52,28,14,#Tech
177,Facebook,"2025-08-16 13:10:15",Author_177,"This is post 177",54,31,18,#News
178,Instagram,"2025-08-16 13:10:15",Author_178,"This is post 178",56,34,22,#Fun
179,LinkedIn,"2025-08-16 13:10:15",Author_179,"This is post 179",58,37,26,#Life
180,Twitter,"2025-08-16 13:10:15",Author_180,"This is post 180",60,40,0,#AI
181,Facebook,"2025-08-16 13:10:15",Author_181,"This is post 181",62,43,4,#Tech
182,Instagram,"2025-08-16 13:10:15",Author_182,"This is post 182",64,46,8,#News
183,LinkedIn,"2025-08-16 13:10:15",Author_183,"This is post 183",66,49,12,#Fun
184,Twitter,"2025-08-16 13:10:15",Author_184,"This is post 184",68,2,16,#Life
185,Facebook,"2025-08-16 13:10:15",Author_185,"This is post 185",70,5,20,#AI
186,Instagram,"2025-08-16 13:10:15",Author_186,"This is post 186",72,8,24,#Tech
187,LinkedIn,"2025-08-16 13:10:15",Author_187,"This is post 187",74,11,28,#News
188,Twitter,"2025-08-16 13:10:15",Author_188,"This is post 188",76,14,2,#Fun
189,Facebook,"2025-08-16 13:10:15",Author_189,"This is post 189",78,17,6,#Life
190,Instagram,"2025-08-16 13:10:15",Author_190,"This is post 190",80,20,10,#AI
191,LinkedIn,"2025-08-16 13:10:15",Author_191,"This is post 191",82,23,14,#Tech
192,Twitter,"2025-08-16 13:10:15",Author_192,"This is post 192",84,26,18,#News
193,Facebook,"2025-08-16 13:10:15",Author_193,"This is post 193",86,29,22,#Fun
194,Instagram,"2025-08-16 13:10:15",Author_194,"This is post 194",88,32,26,#Life
195,LinkedIn,"2025-08-16 13:10:15",Author_195,"This is post 195",90,35,0,#AI
196,Twitter,"2025-08-16 13:10:15",Author_196,"This is post 196",92,38,4,#Tech
197,Facebook,"2025-08-16 13:10:15",Author_197,"This is post 197",94,41,8,#News
198,Instagram,"2025-08-16 13:10:15",Author_198,"This is post 198",96,44,12,#Fun
199,LinkedIn,"2025-08-16 13:10:15",Author_199,"This is post 199",98,47,16,#Life
200,Twitter,"2025-08-16 13:10:15",Author_200,"This is post 200",0,0,20,#AI
201,Facebook,"2025-08-16 13:10:15",Author_201,"This is post 201",2,3,24,#Tech
202,Instagram,"2025-08-16 13:10:15",Author_202,"This is post 202",4,6,28,#News
203,LinkedIn,"2025-08-16 13:10:15",Author_203,"This is post 203",6,9,2,#Fun
204,Twitter,"2025-08-16 13:10:15",Author_204,"This is post 204",8,12,6,#Life
205,Facebook,"2025-08-16 13:10:15",Author_205,"This is post 205",10,15,10,#AI
206,Instagram,"2025-08-16 13:10:15",Author_206,"This is post 206",12,18,14,#Tech
207,LinkedIn,"2025-08-16 13:10:15",Author_207,"This is post 207",14,21,18,#News
208,Twitter,"2025-08-16 13:10:15",Author_208,"This is post 208",16,24,22,#Fun
209,Facebook,"2025-08-16 13:10:15",Author_209,"This is post 209",18,27,26,#Life
210,Instagram,"2025-08-16 13:10:15",Author_210,"This is post 210",20,30,0,#AI
211,LinkedIn,"2025-08-16 13:10:15",Author_211,"This is post 211",22,33,4,#Tech
212,Twitter,"2025-08-16 13:10:15",Author_212,"This is post 212",24,36,8,#News
213,Facebook,"2025-08-16 13:10:15",Author_213,"This is post 213",26,39,12,#Fun
214,Instagram,"2025-08-16 13:10:15",Author_214,"This is post 214",28,42,16,#Life
215,LinkedIn,"2025-08-16 13:10:15",Author_215,"This is post 215",30,45,20,#AI
216,Twitter,"2025-08-16 13:10:15",Author_216,"This is post 216",32,48,24,#Tech
217,Facebook,"2025-08-16 13:10:15",Author_217,"This is post 217",34,1,28,#News
218,Instagram,"2025-08-16 13:10:15",Author_218,"This is post 218",36,4,2,#Fun
219,LinkedIn,"2025-08-16 13:10:15",Author_219,"This is post 219",38,7,6,#Life
220,Twitter,"2025-08-16 13:10:15",Author_220,"This is post 220",40,10,10,#AI
221,Facebook,"2025-08-16 13:10:15",Author_221,"This is post 221",42,13,14,#Tech
222,Instagram,"2025-08-16 13:10:15",Author_222,"This is post 222",44,16,18,#News
223,LinkedIn,"2025-08-16 13:10:15",Author_223,"This is post 223",46,19,22,#Fun
224,Twitter,"2025-08-16 13:10:15",Author_224,"This is post 224",48,22,26,#Life
225,Facebook,"2025-08-16 13:10:15",Author_225,"This is post 225",50,25,0,#AI
226,Instagram,"2025-08-16 13:10:15",Author_226,"This is post 226",52,28,4,#Tech
227,LinkedIn,"2025-08-16 13:10:15",Author_227,"This is post 227",54,31,8,#News
228,Twitter,"2025-08-16 13:10:15",Author_228,"This is post 228",56,34,12,#Fun
229,Facebook,"2025-08-16 13:10:15",Author_229,"This is post 229",58,37,16,#Life
230,Instagram,"2025-08-16 13:10:15",Author_230,"This is post 230",60,40,20,#AI
231,LinkedIn,"2025-08-16 13:10:15",Author_231,"This is post 231",62,43,24,#Tech
232,Twitter,"2025-08-16 13:10:15",Author_232,"This is post 232",64,46,28,#News
233,Facebook,"2025-08-16 13:10:15",Author_233,"This is post 233",66,49,2,#Fun
234,Instagram,"2025-08-16 13:10:15",Author_234,"This is post 234",68,2,6,#Life
235,LinkedIn,"2025-08-16 13:10:15",Author_235,"This is post 235",70,5,10,#AI
236,Twitter,"2025-08-16 13:10:15",Author_236,"This is post 236",72,8,14,#Tech
237,Facebook,"2025-08-16 13:10:15",Author_237,"This is post 237",74,11,18,#News
238,Instagram,"2025-08-16 13:10:15",Author_238,"This is post 238",76,14,22,#Fun
239,LinkedIn,"2025-08-16 13:10:15",Author_239,"This is post 239",78,17,26,#Life
240,Twitter,"2025-08-16 13:10:15",Author_240,"This is post 240",80,20,0,#AI
241,Facebook,"2025-08-16 13:10:15",Author_241,"This is post 241",82,23,4,#Tech
242,Instagram,"2025-08-16 13:10:15",Author_242,"This is post 242",84,26,8,#News
243,LinkedIn,"2025-08-16 13:10:15",Author_243,"This is post 243",86,29,12,#Fun
244,Twitter,"2025-08-16 13:10:15",Author_244,"This is post 244",88,32,16,#Life
245,Facebook,"2025-08-16 13:10:15",Author_245,"This is post 245",90,35,20,#AI
246,Instagram,"2025-08-16 13:10:15",Author_246,"This is post 246",92,38,24,#Tech
247,LinkedIn,"2025-08-16 13:10:15",Author_247,"This is post 247",94,41,28,#News
248,Twitter,"2025-08-16 13:10:15",Author_248,"This is post 248",96,44,2,#Fun
249,Facebook,"2025-08-16 13:10:15",Author_249,"This is post 249",98,47,6,#Life
250,Instagram,"2025-08-16 13:10:15",Author_250,"This is post 250",0,0,10,#AI
251,LinkedIn,"2025-08-16 13:10:15",Author_251,"This is post 251",2,3,14,#Tech
252,Twitter,"2025-08-16 13:10:15",Author_252,"This is post 252",4,6,18,#News
253,Facebook,"2025-08-16 13:10:15",Author_253,"This is post 253",6,9,22,#Fun
254,Instagram,"2025-08-16 13:10:15",Author_254,"This is post 254",8,12,26,#Life
255,LinkedIn,"2025-08-16 13:10:15",Author_255,"This is post 255",10,15,0,#AI
256,Twitter,"2025-08-16 13:10:15",Author_256,"This is post 256",12,18,4,#Tech
257,Facebook,"2025-08-16 13:10:15",Author_257,"This is post 257",14,21,8,#News
258,Instagram,"2025-08-16 13:10:15",Author_258,"This is post 258",16,24,12,#Fun
259,LinkedIn,"2025-08-16 13:10:15",Author_259,"This is post 259",18,27,16,#Life
260,Twitter,"2025-08-16 13:10:15",Author_260,"This is post 260",20,30,20,#AI
261,Facebook,"2025-08-16 13:10:15",Author_261,"This is post 261",22,33,24,#Tech
262,Instagram,"2025-08-16 13:10:15",Author_262,"This is post 262",24,36,28,#News
263,LinkedIn,"2025-08-16 13:10:15",Author_263,"This is post 263",26,39,2,#Fun
264,Twitter,"2025-08-16 13:10:15",Author_264,"This is post 264",28,42,6,#Life
265,Facebook,"2025-08-16 13:10:15",Author_265,"This is post 265",30,45,10,#AI
266,Instagram,"2025-08-16 13:10:15",Author_266,"This is post 266",32,48,14,#Tech
267,LinkedIn,"2025-08-16 13:10:15",Author_267,"This is post 267",34,1,18,#News
268,Twitter,"2025-08-16 13:10:15",Author_268,"This is post 268",36,4,22,#Fun
269,Facebook,"2025-08-16 13:10:15",Author_269,"This is post 269",38,7,26,#Life
270,Instagram,"2025-08-16 13:10:15",Author_270,"This is post 270",40,10,0,#AI
271,LinkedIn,"2025-08-16 13:10:15",Author_271,"This is post 271",42,13,4,#Tech
272,Twitter,"2025-08-16 13:10:15",Author_272,"This is post 272",44,16,8,#News
273,Facebook,"2025-08-16 13:10:15",Author_273,"This is post 273",46,19,12,#Fun
274,Instagram,"2025-08-16 13:10:15",Author_274,"This is post 274",48,22,16,#Life
275,LinkedIn,"2025-08-16 13:10:15",Author_275,"This is post 275",50,25,20,#AI
276,Twitter,"2025-08-16 13:10:15",Author_276,"This is post 276",52,28,24,#Tech
277,Facebook,"2025-08-16 13:10:15",Author_277,"This is post 277",54,31,28,#News
278,Instagram,"2025-08-16 13:10:15",Author_278,"This is post 278",56,34,2,#Fun
279,LinkedIn,"2025-08-16 13:10:15",Author_279,"This is post 279",58,37,6,#Life
280,Twitter,"2025-08-16 13:10:15",Author_280,"This is post 280",60,40,10,#AI
281,Facebook,"2025-08-16 13:10:15",Author_281,"This is post 281",62,43,14,#Tech
282,Instagram,"2025-08-16 13:10:15",Author_282,"This is post 282",64,46,18,#News
283,LinkedIn,"2025-08-16 13:10:15",Author_283,"This is post 283",66,49,22,#Fun
284,Twitter,"2025-08-16 13:10:15",Author_284,"This is post 284",68,2,26,#Life
285,Facebook,"2025-08-16 13:10:15",Author_285,"This is post 285",70,5,0,#AI
286,Instagram,"2025-08-16 13:10:15",Author_286,"This is post 286",72,8,4,#Tech
287,LinkedIn,"2025-08-16 13:10:15",Author_287,"This is post 287",74,11,8,#News
288,Twitter,"2025-08-16 13:10:15",Author_288,"This is post 288",76,14,12,#Fun
289,Facebook,"2025-08-16 13:10:15",Author_289,"This is post 289",78,17,16,#Life
290,Instagram,"2025-08-16 13:10:15",Author_290,"This is post 290",80,20,20,#AI
291,LinkedIn,"2025-08-16 13:10:15",Author_291,"This is post 291",82,23,24,#Tech
292,Twitter,"2025-08-16 13:10:15",Author_292,"This is post 292",84,26,28,#News
293,Facebook,"2025-08-16 13:10:15",Author_293,"This is post 293",86,29,2,#Fun
294,Instagram,"2025-08-16 13:10:15",Author_294,"This is post 294",88,32,6,#Life
295,LinkedIn,"2025-08-16 13:10:15",Author_295,"This is post 295",90,35,10,#AI
296,Twitter,"2025-08-16 13:10:15",Author_296,"This is post 296",92,38,14,#Tech
297,Facebook,"2025-08-16 13:10:15",Author_297,"This is post 297",94,41,18,#News
298,Instagram,"2025-08-16 13:10:15",Author_298,"This is post 298",96,44,22,#Fun
299,LinkedIn,"2025-08-16 13:10:15",Author_299,"This is post 299",98,47,26,#Life
300,Twitter,"2025-08-16 13:10:15",Author_300,"This is post 300",0,0,0,#AI
301,Facebook,"2025-08-16 13:10:15",Author_301,"This is post 301",2,3,4,#Tech
302,Instagram,"2025-08-16 13:10:15",Author_302,"This is post 302",4,6,8,#News
303,LinkedIn,"2025-08-16 13:10:15",Author_303,"This is post 303",6,9,12,#Fun
304,Twitter,"2025-08-16 13:10:15",Author_304,"This is post 304",8,12,16,#Life
305,Facebook,"2025-08-16 13:10:15",Author_305,"This is post 305",10,15,20,#AI
306,Instagram,"2025-08-16 13:10:15",Author_306,"This is post 306",12,18,24,#Tech
307,LinkedIn,"2025-08-16 13:10:15",Author_307,"This is post 307",14,21,28,#News
308,Twitter,"2025-08-16 13:10:15",Author_308,"This is post 308",16,24,2,#Fun
309,Facebook,"2025-08-16 13:10:15",Author_309,"This is post 309",18,27,6,#Life
310,Instagram,"2025-08-16 13:10:15",Author_310,"This is post 310",20,30,10,#AI
311,LinkedIn,"2025-08-16 13:10:15",Author_311,"This is post 311",22,33,14,#Tech
312,Twitter,"2025-08-16 13:10:15",Author_312,"This is post 312",24,36,18,#News
313,Facebook,"2025-08-16 13:10:15",Author_313,"This is post 313",26,39,22,#Fun
314,Instagram,"2025-08-16 13:10:15",Author_314,"This is post 314",28,42,26,#Life
315,LinkedIn,"2025-08-16 13:10:15",Author_315,"This is post 315",30,45,0,#AI
316,Twitter,"2025-08-16 13:10:15",Author_316,"This is post 316",32,48,4,#Tech
317,Facebook,"2025-08-16 13:10:15",Author_317,"This is post 317",34,1,8,#News
318,Instagram,"2025-08-16 13:10:15",Author_318,"This is post 318",36,4,12,#Fun
319,LinkedIn,"2025-08-16 13:10:15",Author_319,"This is post 319",38,7,16,#Life
320,Twitter,"2025-08-16 13:10:15",Author_320,"This is post 320",40,10,20,#AI
321,Facebook,"2025-08-16 13:10:15",Author_321,"This is post 321",42,13,24,#Tech
322,Instagram,"2025-08-16 13:10:15",Author_322,"This is post 322",44,16,28,#News
323,LinkedIn,"2025-08-16 13:10:15",Author_323,"This is post 323",46,19,2,#Fun
324,Twitter,"2025-08-16 13:10:15",Author_324,"This is post 324",48,22,6,#Life
325,Facebook,"2025-08-16 13:10:15",Author_325,"This is post 325",50,25,10,#AI
326,Instagram,"2025-08-16 13:10:15",Author_326,"This is post 326",52,28,14,#Tech
327,LinkedIn,"2025-08-16 13:10:15",Author_327,"This is post 327",54,31,18,#News
328,Twitter,"2025-08-16 13:10:15",Author_328,"This is post 328",56,34,22,#Fun
329,Facebook,"2025-08-16 13:10:15",Author_329,"This is post 329",58,37,26,#Life
330,Instagram,"2025-08-16 13:10:15",Author_330,"This is post 330",60,40,0,#AI
331,LinkedIn,"2025-08-16 13:10:15",Author_331,"This is post 331",62,43,4,#Tech
332,Twitter,"2025-08-16 13:10:15",Author_332,"This is post 332",64,46,8,#News
333,Facebook,"2025-08-16 13:10:15",Author_333,"This is post 333",66,49,12,#Fun
334,Instagram,"2025-08-16 13:10:15",Author_334,"This is post 334",68,2,16,#Life
335,LinkedIn,"2025-08-16 13:10:15",Author_335,"This is post 335",70,5,20,#AI
336,Twitter,"2025-08-16 13:10:15",Author_336,"This is post 336",72,8,24,#Tech
337,Facebook,"2025-08-16 13:10:15",Author_337,"This is post 337",74,11,28,#News
338,Instagram,"2025-08-16 13:10:15",Author_338,"This is post 338",76,14,2,#Fun
339,LinkedIn,"2025-08-16 13:10:15",Author_339,"This is post 339",78,17,6,#Life
340,Twitter,"2025-08-16 13:10:15",Author_340,"This is post 340",80,20,10,#AI
341,Facebook,"2025-08-16 13:10:15",Author_341,"This is post 341",82,23,14,#Tech
342,Instagram,"2025-08-16 13:10:15",Author_342,"This is post 342",84,26,18,#News
343,LinkedIn,"2025-08-16 13:10:15",Author_343,"This is post 343",86,29,22,#Fun
344,Twitter,"2025-08-16 13:10:15",Author_344,"This is post 344",88,32,26,#Life
345,Facebook,"2025-08-16 13:10:15",Author_345,"This is post 345",90,35,0,#AI
346,Instagram,"2025-08-16 13:10:15",Author_346,"This is post 346",92,38,4,#Tech
347,LinkedIn,"2025-08-16 13:10:15",Author_347,"This is post 347",94,41,8,#News
348,Twitter,"2025-08-16 13:10:15",Author_348,"This is post 348",96,44,12,#Fun
349,Facebook,"2025-08-16 13:10:15",Author_349,"This is post 349",98,47,16,#Life
350,Instagram,"2025-08-16 13:10:15",Author_350,"This is post 350",0,0,20,#AI
351,LinkedIn,"2025-08-16 13:10:15",Author_351,"This is post 351",2,3,24,#Tech
352,Twitter,"2025-08-16 13:10:15",Author_352,"This is post 352",4,6,28,#News
353,Facebook,"2025-08-16 13:10:15",Author_353,"This is post 353",6,9,2,#Fun
354,Instagram,"2025-08-16 13:10:15",Author_354,"This is post 354",8,12,6,#Life
355,LinkedIn,"2025-08-16 13:10:15",Author_355,"This is post 355",10,15,10,#AI
356,Twitter,"2025-08-16 13:10:15",Author_356,"This is post 356",12,18,14,#Tech
357,Facebook,"2025-08-16 13:10:15",Author_357,"This is post 357",14,21,18,#News
358,Instagram,"2025-08-16 13:10:15",Author_358,"This is post 358",16,24,22,#Fun
359,LinkedIn,"2025-08-16 13:10:15",Author_359,"This is post 359",18,27,26,#Life
360,Twitter,"2025-08-16 13:10:15",Author_360,"This is post 360",20,30,0,#AI
361,Facebook,"2025-08-16 13:10:15",Author_361,"This is post 361",22,33,4,#Tech
362,Instagram,"2025-08-16 13:10:15",Author_362,"This is post 362",24,36,8,#News
363,LinkedIn,"2025-08-16 13:10:15",Author_363,"This is post 363",26,39,12,#Fun
364,Twitter,"2025-08-16 13:10:15",Author_364,"This is post 364",28,42,16,#Life
365,Facebook,"2025-08-16 13:10:15",Author_365,"This is post 365",30,45,20,#AI
366,Instagram,"2025-08-16 13:10:15",Author_366,"This is post 366",32,48,24,#Tech
367,LinkedIn,"2025-08-16 13:10:15",Author_367,"This is post 367",34,1,28,#News
368,Twitter,"2025-08-16 13:10:15",Author_368,"This is post 368",36,4,2,#Fun
369,Facebook,"2025-08-16 13:10:15",Author_369,"This is post 369",38,7,6,#Life
370,Instagram,"2025-08-16 13:10:15",Author_370,"This is post 370",40,10,10,#AI
371,LinkedIn,"2025-08-16 13:10:15",Author_371,"This is post 371",42,13,14,#Tech
372,Twitter,"2025-08-16 13:10:15",Author_372,"This is post 372",44,16,18,#News
373,Facebook,"2025-08-16 13:10:15",Author_373,"This is post 373",46,19,22,#Fun
374,Instagram,"2025-08-16 13:10:15",Author_374,"This is post 374",48,22,26,#Life
375,LinkedIn,"2025-08-16 13:10:15",Author_375,"This is post 375",50,25,0,#AI
376,Twitter,"2025-08-16 13:10:15",Author_376,"This is post 376",52,28,4,#Tech
377,Facebook,"2025-08-16 13:10:15",Author_377,"This is post 377",54,31,8,#News
378,Instagram,"2025-08-16 13:10:15",Author_378,"This is post 378",56,34,12,#Fun
379,LinkedIn,"2025-08-16 13:10:15",Author_379,"This is post 379",58,37,16,#Life
380,Twitter,"2025-08-16 13:10:15",Author_380,"This is post 380",60,40,20,#AI
381,Facebook,"2025-08-16 13:10:15",Author_381,"This is post 381",62,43,24,#Tech
382,Instagram,"2025-08-16 13:10:15",Author_382,"This is post 382",64,46,28,#News
383,LinkedIn,"2025-08-16 13:10:15",Author_383,"This is post 383",66,49,2,#Fun
384,Twitter,"2025-08-16 13:10:15",Author_384,"This is post 384",68,2,6,#Life
385,Facebook,"2025-08-16 13:10:15",Author_385,"This is post 385",70,5,10,#AI
386,Instagram,"2025-08-16 13:10:15",Author_386,"This is post 386",72,8,14,#Tech
387,LinkedIn,"2025-08-16 13:10:15",Author_387,"This is post 387",74,11,18,#News
388,Twitter,"2025-08-16 13:10:15",Author_388,"This is post 388",76,14,22,#Fun
389,Facebook,"2025-08-16 13:10:15",Author_389,"This is post 389",78,17,26,#Life
390,Instagram,"2025-08-16 13:10:15",Author_390,"This is post 390",80,20,0,#AI
391,LinkedIn,"2025-08-16 13:10:15",Author_391,"This is post 391",82,23,4,#Tech
392,Twitter,"2025-08-16 13:10:15",Author_392,"This is post 392",84,26,8,#News
393,Facebook,"2025-08-16 13:10:15",Author_393,"This is post 393",86,29,12,#Fun
394,Instagram,"2025-08-16 13:10:15",Author_394,"This is post 394",88,32,16,#Life
395,LinkedIn,"2025-08-16 13:10:15",Author_395,"This is post 395",90,35,20,#AI
396,Twitter,"2025-08-16 13:10:15",Author_396,"This is post 396",92,38,24,#Tech
397,Facebook,"2025-08-16 13:10:15",Author_397,"This is post 397",94,41,28,#News
398,Instagram,"2025-08-16 13:10:15",Author_398,"This is post 398",96,44,2,#Fun
399,LinkedIn,"2025-08-16 13:10:15",Author_399,"This is post 399",98,47,6,#Life
400,Twitter,"2025-08-16 13:10:15",Author_400,"This is post 400",0,0,10,#AI
401,Facebook,"2025-08-16 13:10:15",Author_401,"This is post 401",2,3,14,#Tech
402,Instagram,"2025-08-16 13:10:15",Author_402,"This is post 402",4,6,18,#News
403,LinkedIn,"2025-08-16 13:10:15",Author_403,"This is post 403",6,9,22,#Fun
404,Twitter,"2025-08-16 13:10:15",Author_404,"This is post 404",8,12,26,#Life
405,Facebook,"2025-08-16 13:10:15",Author_405,"This is post 405",10,15,0,#AI
406,Instagram,"2025-08-16 13:10:15",Author_406,"This is post 406",12,18,4,#Tech
407,LinkedIn,"2025-08-16 13:10:15",Author_407,"This is post 407",14,21,8,#News
408,Twitter,"2025-08-16 13:10:15",Author_408,"This is post 408",16,24,12,#Fun
409,Facebook,"2025-08-16 13:10:15",Author_409,"This is post 409",18,27,16,#Life
410,Instagram,"2025-08-16 13:10:15",Author_410,"This is post 410",20,30,20,#AI
411,LinkedIn,"2025-08-16 13:10:15",Author_411,"This is post 411",22,33,24,#Tech
412,Twitter,"2025-08-16 13:10:15",Author_412,"This is post 412",24,36,28,#News
413,Facebook,"2025-08-16 13:10:15",Author_413,"This is post 413",26,39,2,#Fun
414,Instagram,"2025-08-16 13:10:15",Author_414,"This is post 414",28,42,6,#Life
415,LinkedIn,"2025-08-16 13:10:15",Author_415,"This is post 415",30,45,10,#AI
416,Twitter,"2025-08-16 13:10:15",Author_416,"This is post 416",32,48,14,#Tech
417,Facebook,"2025-08-16 13:10:15",Author_417,"This is post 417",34,1,18,#News
418,Instagram,"2025-08-16 13:10:15",Author_418,"This is post 418",36,4,22,#Fun
419,LinkedIn,"2025-08-16 13:10:15",Author_419,"This is post 419",38,7,26,#Life
420,Twitter,"2025-08-16 13:10:15",Author_420,"This is post 420",40,10,0,#AI
421,Facebook,"2025-08-16 13:10:15",Author_421,"This is post 421",42,13,4,#Tech
422,Instagram,"2025-08-16 13:10:15",Author_422,"This is post 422",44,16,8,#News
423,LinkedIn,"2025-08-16 13:10:15",Author_423,"This is post 423",46,19,12,#Fun
424,Twitter,"2025-08-16 13:10:15",Author_424,"This is post 424",48,22,16,#Life
425,Facebook,"2025-08-16 13:10:15",Author_425,"This is post 425",50,25,20,#AI
426,Instagram,"2025-08-16 13:10:15",Author_426,"This is post 426",52,28,24,#Tech
427,LinkedIn,"2025-08-16 13:10:15",Author_427,"This is post 427",54,31,28,#News
428,Twitter,"2025-08-16 13:10:15",Author_428,"This is post 428",56,34,2,#Fun
429,Facebook,"2025-08-16 13:10:15",Author_429,"This is post 429",58,37,6,#Life
430,Instagram,"2025-08-16 13:10:15",Author_430,"This is post 430",60,40,10,#AI
431,LinkedIn,"2025-08-16 13:10:15",Author_431,"This is post 431",62,43,14,#Tech
432,Twitter,"2025-08-16 13:10:15",Author_432,"This is post 432",64,46,18,#News
433,Facebook,"2025-08-16 13:10:15",Author_433,"This is post 433",66,49,22,#Fun
434,Instagram,"2025-08-16 13:10:15",Author_434,"This is post 434",68,2,26,#Life
435,LinkedIn,"2025-08-16 13:10:15",Author_435,"This is post 435",70,5,0,#AI
436,Twitter,"2025-08-16 13:10:15",Author_436,"This is post 436",72,8,4,#Tech
437,Facebook,"2025-08-16 13:10:15",Author_437,"This is post 437",74,11,8,#News
438,Instagram,"2025-08-16 13:10:15",Author_438,"This is post 438",76,14,12,#Fun
439,LinkedIn,"2025-08-16 13:10:15",Author_439,"This is post 439",78,17,16,#Life
440,Twitter,"2025-08-16 13:10:15",Author_440,"This is post 440",80,20,20,#AI
441,Facebook,"2025-08-16 13:10:15",Author_441,"This is post 441",82,23,24,#Tech
442,Instagram,"2025-08-16 13:10:15",Author_442,"This is post 442",84,26,28,#News
443,LinkedIn,"2025-08-16 13:10:15",Author_443,"This is post 443",86,29,2,#Fun
444,Twitter,"2025-08-16 13:10:15",Author_444,"This is post 444",88,32,6,#Life
445,Facebook,"2025-08-16 13:10:15",Author_445,"This is post 445",90,35,10,#AI
446,Instagram,"2025-08-16 13:10:15",Author_446,"This is post 446",92,38,14,#Tech
447,LinkedIn,"2025-08-16 13:10:15",Author_447,"This is post 447",94,41,18,#News
448,Twitter,"2025-08-16 13:10:15",Author_448,"This is post 448",96,44,22,#Fun
449,Facebook,"2025-08-16 13:10:15",Author_449,"This is post 449",98,47,26,#Life
450,Instagram,"2025-08-16 13:10:15",Author_450,"This is post 450",0,0,0,#AI
451,LinkedIn,"2025-08-16 13:10:15",Author_451,"This is post 451",2,3,4,#Tech
452,Twitter,"2025-08-16 13:10:15",Author_452,"This is post 452",4,6,8,#News
453,Facebook,"2025-08-16 13:10:15",Author_453,"This is post 453",6,9,12,#Fun
454,Instagram,"2025-08-16 13:10:15",Author_454,"This is post 454",8,12,16,#Life
455,LinkedIn,"2025-08-16 13:10:15",Author_455,"This is post 455",10,15,20,#AI
456,Twitter,"2025-08-16 13:10:15",Author_456,"This is post 456",12,18,24,#Tech
457,Facebook,"2025-08-16 13:10:15",Author_457,"This is post 457",14,21,28,#News
458,Instagram,"2025-08-16 13:10:15",Author_458,"This is post 458",16,24,2,#Fun
459,LinkedIn,"2025-08-16 13:10:15",Author_459,"This is post 459",18,27,6,#Life
460,Twitter,"2025-08-16 13:10:15",Author_460,"This is post 460",20,30,10,#AI
461,Facebook,"2025-08-16 13:10:15",Author_461,"This is post 461",22,33,14,#Tech
462,Instagram,"2025-08-16 13:10:15",Author_462,"This is post 462",24,36,18,#News
463,LinkedIn,"2025-08-16 13:10:15",Author_463,"This is post 463",26,39,22,#Fun
464,Twitter,"2025-08-16 13:10:15",Author_464,"This is post 464",28,42,26,#Life
465,Facebook,"2025-08-16 13:10:15",Author_465,"This is post 465",30,45,0,#AI
466,Instagram,"2025-08-16 13:10:15",Author_466,"This is post 466",32,48,4,#Tech
467,LinkedIn,"2025-08-16 13:10:15",Author_467,"This is post 467",34,1,8,#News
468,Twitter,"2025-08-16 13:10:15",Author_468,"This is post 468",36,4,12,#Fun
469,Facebook,"2025-08-16 13:10:15",Author_469,"This is post 469",38,7,16,#Life
470,Instagram,"2025-08-16 13:10:15",Author_470,"This is post 470",40,10,20,#AI
471,LinkedIn,"2025-08-16 13:10:15",Author_471,"This is post 471",42,13,24,#Tech
472,Twitter,"2025-08-16 13:10:15",Author_472,"This is post 472",44,16,28,#News
473,Facebook,"2025-08-16 13:10:15",Author_473,"This is post 473",46,19,2,#Fun
474,Instagram,"2025-08-16 13:10:15",Author_474,"This is post 474",48,22,6,#Life
475,LinkedIn,"2025-08-16 13:10:15",Author_475,"This is post 475",50,25,10,#AI
476,Twitter,"2025-08-16 13:10:15",Author_476,"This is post 476",52,28,14,#Tech
477,Facebook,"2025-08-16 13:10:15",Author_477,"This is post 477",54,31,18,#News
478,Instagram,"2025-08-16 13:10:15",Author_478,"This is post 478",56,34,22,#Fun
479,LinkedIn,"2025-08-16 13:10:15",Author_479,"This is post 479",58,37,26,#Life
480,Twitter,"2025-08-16 13:10:15",Author_480,"This is post 480",60,40,0,#AI
481,Facebook,"2025-08-16 13:10:15",Author_481,"This is post 481",62,43,4,#Tech
482,Instagram,"2025-08-16 13:10:15",Author_482,"This is post 482",64,46,8,#News
483,LinkedIn,"2025-08-16 13:10:15",Author_483,"This is post 483",66,49,12,#Fun
484,Twitter,"2025-08-16 13:10:15",Author_484,"This is post 484",68,2,16,#Life
485,Facebook,"2025-08-16 13:10:15",Author_485,"This is post 485",70,5,20,#AI
486,Instagram,"2025-08-16 13:10:15",Author_486,"This is post 486",72,8,24,#Tech
487,LinkedIn,"2025-08-16 13:10:15",Author_487,"This is post 487",74,11,28,#News
488,Twitter,"2025-08-16 13:10:15",Author_488,"This is post 488",76,14,2,#Fun
489,Facebook,"2025-08-16 13:10:15",Author_489,"This is post 489",78,17,6,#Life
490,Instagram,"2025-08-16 13:10:15",Author_490,"This is post 490",80,20,10,#AI
491,LinkedIn,"2025-08-16 13:10:15",Author_491,"This is post 491",82,23,14,#Tech
492,Twitter,"2025-08-16 13:10:15",Author_492,"This is post 492",84,26,18,#News
493,Facebook,"2025-08-16 13:10:15",Author_493,"This is post 493",86,29,22,#Fun
494,Instagram,"2025-08-16 13:10:15",Author_494,"This is post 494",88,32,26,#Life
495,LinkedIn,"2025-08-16 13:10:15",Author_495,"This is post 495",90,35,0,#AI
496,Twitter,"2025-08-16 13:10:15",Author_496,"This is post 496",92,38,4,#Tech
497,Facebook,"2025-08-16 13:10:15",Author_497,"This is post 497",94,41,8,#News
498,Instagram,"2025-08-16 13:10:15",Author_498,"This is post 498",96,44,12,#Fun
499,LinkedIn,"2025-08-16 13:10:15",Author_499,"This is post 499",98,47,16,#Life
500,Twitter,"2025-08-16 13:10:15",Author_500,"This is post 500",0,0,20,#AI
